load_pct,mem_pct,cxl_pct,num_instrs,warm_cache_insts,main_loop_loads,main_loop_stores,load_local_gbps,load_cxl_gbps,store_local_gbps,store_cxl_gbps,total_gbps
10,10,100,4000000,200000,392,3466,0.0,0.00792253,0.0,0.0700497,0.0779722
10,20,100,4000000,200000,767,6848,0.0,0.0155015,0.0,0.138402,0.153903
10,30,100,4000000,200000,1163,10254,0.0,0.0235048,0.0,0.207239,0.230744
10,40,100,4000000,200000,1548,13780,0.0,0.0312859,0.0,0.278501,0.309787
10,50,100,4000000,200000,1919,17142,0.0,0.038784,0.0,0.346449,0.385233
10,60,100,4000000,200000,2325,20532,0.0,0.0469895,0.0,0.414963,0.461952
10,70,100,4000000,200000,2672,24021,0.0,0.0540025,0.0,0.485477,0.53948
10,80,100,4000000,200000,3058,27428,0.0,0.0618038,0.0,0.554334,0.616138
10,90,100,4000000,200000,3402,30791,0.0,0.0687562,0.0,0.622302,0.691059
10,100,100,4000000,200000,3817,34236,0.0,0.0771436,0.0,0.691928,0.769071
20,10,100,4000000,200000,784,3074,0.0,0.0158451,0.0,0.0621272,0.0779722
20,20,100,4000000,200000,1506,6109,0.0,0.0304371,0.0,0.123466,0.153903
20,30,100,4000000,200000,2283,9134,0.0,0.0461406,0.0,0.184603,0.230744
20,40,100,4000000,200000,3053,12275,0.0,0.0617027,0.0,0.248084,0.309787
20,50,100,4000000,200000,3819,15242,0.0,0.077184,0.0,0.308049,0.385233
20,60,100,4000000,200000,4619,18238,0.0,0.0933524,0.0,0.3686,0.461952
20,70,100,4000000,200000,5376,21317,0.0,0.108652,0.0,0.430828,0.53948
20,80,100,4000000,200000,6146,24340,0.0,0.124214,0.0,0.491924,0.616138
20,90,100,4000000,200000,6884,27309,0.0,0.139129,0.0,0.551929,0.691059
20,100,100,4000000,200000,7691,30362,0.0,0.155439,0.0,0.613632,0.769071
30,10,100,4000000,200000,1179,2679,0.0,0.0238282,0.0,0.054144,0.0779722
30,20,100,4000000,200000,2241,5374,0.0,0.0452918,0.0,0.108611,0.153903
30,30,100,4000000,200000,3405,8012,0.0,0.0688168,0.0,0.161927,0.230744
30,40,100,4000000,200000,4606,10722,0.0,0.0930897,0.0,0.216697,0.309787
30,50,100,4000000,200000,5753,13308,0.0,0.116271,0.0,0.268962,0.385233
30,60,100,4000000,200000,6890,15967,0.0,0.139251,0.0,0.322701,0.461952
30,70,100,4000000,200000,8030,18663,0.0,0.162291,0.0,0.377189,0.53948
30,80,100,4000000,200000,9187,21299,0.0,0.185674,0.0,0.430464,0.616138
30,90,100,4000000,200000,10289,23904,0.0,0.207946,0.0,0.483112,0.691059
30,100,100,4000000,200000,11472,26581,0.0,0.231855,0.0,0.537216,0.769071
40,10,100,4000000,200000,1580,2278,0.0,0.0319326,0.0,0.0460396,0.0779722
40,20,100,4000000,200000,3021,4594,0.0,0.061056,0.0,0.0928472,0.153903
40,30,100,4000000,200000,4572,6845,0.0,0.0924025,0.0,0.138341,0.230744
40,40,100,4000000,200000,6174,9154,0.0,0.12478,0.0,0.185007,0.309787
40,50,100,4000000,200000,7694,11367,0.0,0.1555,0.0,0.229733,0.385233
40,60,100,4000000,200000,9189,13668,0.0,0.185715,0.0,0.276237,0.461952
40,70,100,4000000,200000,10719,15974,0.0,0.216637,0.0,0.322843,0.53948
40,80,100,4000000,200000,12248,18238,0.0,0.247539,0.0,0.3686,0.616138
40,90,100,4000000,200000,13726,20467,0.0,0.27741,0.0,0.413649,0.691059
40,100,100,4000000,200000,15324,22729,0.0,0.309706,0.0,0.459365,0.769071
50,10,100,4000000,200000,1966,1892,0.0,0.0397339,0.0,0.0382383,0.0779722
50,20,100,4000000,200000,3769,3846,0.0,0.0761735,0.0,0.0777297,0.153903
50,30,100,4000000,200000,5702,5715,0.0,0.11524,0.0,0.115503,0.230744
50,40,100,4000000,200000,7674,7654,0.0,0.155096,0.0,0.154691,0.309787
50,50,100,4000000,200000,9559,9502,0.0,0.193192,0.0,0.19204,0.385233
50,60,100,4000000,200000,11435,11422,0.0,0.231107,0.0,0.230845,0.461952
50,70,100,4000000,200000,13359,13334,0.0,0.269992,0.0,0.269487,0.53948
50,80,100,4000000,200000,15286,15200,0.0,0.308938,0.0,0.3072,0.616138
50,90,100,4000000,200000,17149,17044,0.0,0.34659,0.0,0.344468,0.691059
50,100,100,4000000,200000,19094,18959,0.0,0.3859,0.0,0.383171,0.769071
60,10,100,4000000,200000,2341,1517,0.0,0.0473128,0.0,0.0306594,0.0779722
60,20,100,4000000,200000,4523,3092,0.0,0.0914122,0.0,0.0624909,0.153903
60,30,100,4000000,200000,6881,4536,0.0,0.139069,0.0,0.0916749,0.230744
60,40,100,4000000,200000,9230,6098,0.0,0.186543,0.0,0.123244,0.309787
60,50,100,4000000,200000,11469,7592,0.0,0.231795,0.0,0.153438,0.385233
60,60,100,4000000,200000,13759,9098,0.0,0.278077,0.0,0.183875,0.461952
60,70,100,4000000,200000,16029,10664,0.0,0.323955,0.0,0.215525,0.53948
60,80,100,4000000,200000,18322,12164,0.0,0.370297,0.0,0.245841,0.616138
60,90,100,4000000,200000,20547,13646,0.0,0.415266,0.0,0.275793,0.691059
60,100,100,4000000,200000,22869,15184,0.0,0.462195,0.0,0.306877,0.769071
70,10,100,4000000,200000,2723,1135,0.0,0.0550333,0.0,0.0229389,0.0779722
70,20,100,4000000,200000,5285,2330,0.0,0.106813,0.0,0.0470905,0.153903
70,30,100,4000000,200000,7983,3434,0.0,0.161341,0.0,0.0694029,0.230744
70,40,100,4000000,200000,10734,4594,0.0,0.21694,0.0,0.0928472,0.309787
70,50,100,4000000,200000,13332,5729,0.0,0.269447,0.0,0.115786,0.385233
70,60,100,4000000,200000,16031,6826,0.0,0.323995,0.0,0.137957,0.461952
70,70,100,4000000,200000,18684,8009,0.0,0.377613,0.0,0.161866,0.53948
70,80,100,4000000,200000,21380,9106,0.0,0.432101,0.0,0.184037,0.616138
70,90,100,4000000,200000,23954,10239,0.0,0.484123,0.0,0.206936,0.691059
70,100,100,4000000,200000,26634,11419,0.0,0.538287,0.0,0.230784,0.769071
80,10,100,4000000,200000,3113,745,0.0,0.0629154,0.0,0.0150568,0.0779722
80,20,100,4000000,200000,6066,1549,0.0,0.122597,0.0,0.0313061,0.153903
80,30,100,4000000,200000,9117,2300,0.0,0.184259,0.0,0.0464842,0.230744
80,40,100,4000000,200000,12258,3070,0.0,0.247741,0.0,0.0620463,0.309787
80,50,100,4000000,200000,15242,3819,0.0,0.308049,0.0,0.077184,0.385233
80,60,100,4000000,200000,18301,4556,0.0,0.369873,0.0,0.0920792,0.461952
80,70,100,4000000,200000,21364,5329,0.0,0.431778,0.0,0.107702,0.53948
80,80,100,4000000,200000,24425,6061,0.0,0.493642,0.0,0.122496,0.616138
80,90,100,4000000,200000,27394,6799,0.0,0.553647,0.0,0.137411,0.691059
80,100,100,4000000,200000,30459,7594,0.0,0.615592,0.0,0.153479,0.769071
90,10,100,4000000,200000,3465,393,0.0,0.0700295,0.0,0.00794274,0.0779722
90,20,100,4000000,200000,6828,787,0.0,0.137997,0.0,0.0159057,0.153903
90,30,100,4000000,200000,10249,1168,0.0,0.207138,0.0,0.0236059,0.230744
90,40,100,4000000,200000,13776,1552,0.0,0.27842,0.0,0.0313667,0.309787
90,50,100,4000000,200000,17135,1926,0.0,0.346307,0.0,0.0389255,0.385233
90,60,100,4000000,200000,20592,2265,0.0,0.416175,0.0,0.0457768,0.461952
90,70,100,4000000,200000,24036,2657,0.0,0.48578,0.0,0.0536994,0.53948
90,80,100,4000000,200000,27477,3009,0.0,0.555325,0.0,0.0608135,0.616138
90,90,100,4000000,200000,30812,3381,0.0,0.622727,0.0,0.0683318,0.691059
90,100,100,4000000,200000,34280,3773,0.0,0.692817,0.0,0.0762543,0.769071
100,10,100,4000000,200000,3858,0,0.0,0.0779722,0.0,0.0,0.0779722
100,20,100,4000000,200000,7615,0,0.0,0.153903,0.0,0.0,0.153903
100,30,100,4000000,200000,11417,0,0.0,0.230744,0.0,0.0,0.230744
100,40,100,4000000,200000,15328,0,0.0,0.309787,0.0,0.0,0.309787
100,50,100,4000000,200000,19061,0,0.0,0.385233,0.0,0.0,0.385233
100,60,100,4000000,200000,22857,0,0.0,0.461952,0.0,0.0,0.461952
100,70,100,4000000,200000,26693,0,0.0,0.53948,0.0,0.0,0.53948
100,80,100,4000000,200000,30486,0,0.0,0.616138,0.0,0.0,0.616138
100,90,100,4000000,200000,34193,0,0.0,0.691059,0.0,0.0,0.691059
100,100,100,4000000,200000,38053,0,0.0,0.769071,0.0,0.0,0.769071
